{
  "packages": [
    {
	  "name": "move38",
	  "maintainer": "Move38.com",
	  "websiteURL": "http://move38.com",
	  "email": "move38arduino@joshreply.com",

      "help": {
        "online": "https://github.com/bigjosh/Move38-Arduino-Platform"
      },
      "platforms": [
        {
          "name": "Blinks",
          "architecture": "avr",
          "version": "1.0.0",
          "category": "Contributed",
          "help": {
            "online": "https://github.com/bigjosh/Move38-Arduino-Platform"
          },
          "url": "https://janedeveloper.github.io/myboard/myboard-1.0.0.zip",
          "archiveFileName": "myboard-1.0.0.zip",
          "checksum": "SHA-256:ec3ff8a1dc96d3ba6f432b9b837a35fd4174a34b3d2927de1d51010e8b94f9f1",
          "size": "15005",
          "boards": [
            {"name": "Blinks Tile"},
          ],
          "toolsDependencies": [
            {
              "packager": "arduino",
              "name": "avr-gcc",
              "version": "4.8.1-arduino5"
            },
            {
              "packager": "arduino",
              "name": "avrdude",
              "version": "6.0.1-arduino5"
            }
          ]
        },
        {
          "name": "My Board",
          "architecture": "avr",
          "version": "1.0.1",
          "category": "Contributed",
          "help": {
            "online": "http://janedeveloper.org/forum/myboard"
          },
          "url": "https://janedeveloper.github.io/myboard/myboard-1.0.1.zip",
          "archiveFileName": "myboard-1.0.1.zip",
          "checksum": "SHA-256:9c86ee28a7ce9fe33e8b07ec643316131e0031b0d22e63bb398902a5fdadbca9",
          "size": "15125",
          "boards": [
            {"name": "My Board"},
            {"name": "My Board Pro"}
          ],
          "toolsDependencies": [
            {
              "packager": "arduino",
              "name": "avr-gcc",
              "version": "4.8.1-arduino5"
            },
            {
              "packager": "arduino",
              "name": "avrdude",
              "version": "6.0.1-arduino5"
            }
          ]
        }
      ],
      "tools":[]
    }
  ]
}